[{"name":"BTCONNECT","description":"com.example.mobiilisovellusprojekti.screens.navigation.NavigationScreens.BTCONNECT","location":"app/com.example.mobiilisovellusprojekti.screens.navigation/-navigation-screens/-b-t-c-o-n-n-e-c-t/index.html","searchKeys":["BTCONNECT","BTCONNECT","com.example.mobiilisovellusprojekti.screens.navigation.NavigationScreens.BTCONNECT"]},{"name":"CONTACTS","description":"com.example.mobiilisovellusprojekti.screens.navigation.NavigationScreens.CONTACTS","location":"app/com.example.mobiilisovellusprojekti.screens.navigation/-navigation-screens/-c-o-n-t-a-c-t-s/index.html","searchKeys":["CONTACTS","CONTACTS","com.example.mobiilisovellusprojekti.screens.navigation.NavigationScreens.CONTACTS"]},{"name":"DRAWSCREEN","description":"com.example.mobiilisovellusprojekti.screens.navigation.NavigationScreens.DRAWSCREEN","location":"app/com.example.mobiilisovellusprojekti.screens.navigation/-navigation-screens/-d-r-a-w-s-c-r-e-e-n/index.html","searchKeys":["DRAWSCREEN","DRAWSCREEN","com.example.mobiilisovellusprojekti.screens.navigation.NavigationScreens.DRAWSCREEN"]},{"name":"GAMESCREEN","description":"com.example.mobiilisovellusprojekti.screens.navigation.NavigationScreens.GAMESCREEN","location":"app/com.example.mobiilisovellusprojekti.screens.navigation/-navigation-screens/-g-a-m-e-s-c-r-e-e-n/index.html","searchKeys":["GAMESCREEN","GAMESCREEN","com.example.mobiilisovellusprojekti.screens.navigation.NavigationScreens.GAMESCREEN"]},{"name":"GUESSSCREEN","description":"com.example.mobiilisovellusprojekti.screens.navigation.NavigationScreens.GUESSSCREEN","location":"app/com.example.mobiilisovellusprojekti.screens.navigation/-navigation-screens/-g-u-e-s-s-s-c-r-e-e-n/index.html","searchKeys":["GUESSSCREEN","GUESSSCREEN","com.example.mobiilisovellusprojekti.screens.navigation.NavigationScreens.GUESSSCREEN"]},{"name":"HISTORY","description":"com.example.mobiilisovellusprojekti.screens.navigation.NavigationScreens.HISTORY","location":"app/com.example.mobiilisovellusprojekti.screens.navigation/-navigation-screens/-h-i-s-t-o-r-y/index.html","searchKeys":["HISTORY","HISTORY","com.example.mobiilisovellusprojekti.screens.navigation.NavigationScreens.HISTORY"]},{"name":"HOME","description":"com.example.mobiilisovellusprojekti.screens.navigation.NavigationScreens.HOME","location":"app/com.example.mobiilisovellusprojekti.screens.navigation/-navigation-screens/-h-o-m-e/index.html","searchKeys":["HOME","HOME","com.example.mobiilisovellusprojekti.screens.navigation.NavigationScreens.HOME"]},{"name":"NEWPROFILE","description":"com.example.mobiilisovellusprojekti.screens.navigation.NavigationScreens.NEWPROFILE","location":"app/com.example.mobiilisovellusprojekti.screens.navigation/-navigation-screens/-n-e-w-p-r-o-f-i-l-e/index.html","searchKeys":["NEWPROFILE","NEWPROFILE","com.example.mobiilisovellusprojekti.screens.navigation.NavigationScreens.NEWPROFILE"]},{"name":"PLAYER","description":"com.example.mobiilisovellusprojekti.screens.navigation.NavigationScreens.PLAYER","location":"app/com.example.mobiilisovellusprojekti.screens.navigation/-navigation-screens/-p-l-a-y-e-r/index.html","searchKeys":["PLAYER","PLAYER","com.example.mobiilisovellusprojekti.screens.navigation.NavigationScreens.PLAYER"]},{"name":"STATISTICS","description":"com.example.mobiilisovellusprojekti.screens.navigation.NavigationScreens.STATISTICS","location":"app/com.example.mobiilisovellusprojekti.screens.navigation/-navigation-screens/-s-t-a-t-i-s-t-i-c-s/index.html","searchKeys":["STATISTICS","STATISTICS","com.example.mobiilisovellusprojekti.screens.navigation.NavigationScreens.STATISTICS"]},{"name":"TEST","description":"com.example.mobiilisovellusprojekti.screens.navigation.NavigationScreens.TEST","location":"app/com.example.mobiilisovellusprojekti.screens.navigation/-navigation-screens/-t-e-s-t/index.html","searchKeys":["TEST","TEST","com.example.mobiilisovellusprojekti.screens.navigation.NavigationScreens.TEST"]},{"name":"WORD","description":"com.example.mobiilisovellusprojekti.screens.navigation.NavigationScreens.WORD","location":"app/com.example.mobiilisovellusprojekti.screens.navigation/-navigation-screens/-w-o-r-d/index.html","searchKeys":["WORD","WORD","com.example.mobiilisovellusprojekti.screens.navigation.NavigationScreens.WORD"]},{"name":"abstract class WordDatabase : RoomDatabase","description":"com.example.mobiilisovellusprojekti.data.WordDatabase","location":"app/com.example.mobiilisovellusprojekti.data/-word-database/index.html","searchKeys":["WordDatabase","abstract class WordDatabase : RoomDatabase","com.example.mobiilisovellusprojekti.data.WordDatabase"]},{"name":"abstract fun getAllFlow(): Flow<List<Word>>","description":"com.example.mobiilisovellusprojekti.data.WordDao.getAllFlow","location":"app/com.example.mobiilisovellusprojekti.data/-word-dao/get-all-flow.html","searchKeys":["getAllFlow","abstract fun getAllFlow(): Flow<List<Word>>","com.example.mobiilisovellusprojekti.data.WordDao.getAllFlow"]},{"name":"abstract fun wordDao(): WordDao","description":"com.example.mobiilisovellusprojekti.data.WordDatabase.wordDao","location":"app/com.example.mobiilisovellusprojekti.data/-word-database/word-dao.html","searchKeys":["wordDao","abstract fun wordDao(): WordDao","com.example.mobiilisovellusprojekti.data.WordDatabase.wordDao"]},{"name":"abstract suspend fun delete(word: Word)","description":"com.example.mobiilisovellusprojekti.data.WordDao.delete","location":"app/com.example.mobiilisovellusprojekti.data/-word-dao/delete.html","searchKeys":["delete","abstract suspend fun delete(word: Word)","com.example.mobiilisovellusprojekti.data.WordDao.delete"]},{"name":"abstract suspend fun getRandomWord(): Word?","description":"com.example.mobiilisovellusprojekti.data.WordDao.getRandomWord","location":"app/com.example.mobiilisovellusprojekti.data/-word-dao/get-random-word.html","searchKeys":["getRandomWord","abstract suspend fun getRandomWord(): Word?","com.example.mobiilisovellusprojekti.data.WordDao.getRandomWord"]},{"name":"abstract suspend fun insert(word: Word)","description":"com.example.mobiilisovellusprojekti.data.WordDao.insert","location":"app/com.example.mobiilisovellusprojekti.data/-word-dao/insert.html","searchKeys":["insert","abstract suspend fun insert(word: Word)","com.example.mobiilisovellusprojekti.data.WordDao.insert"]},{"name":"class BleViewModel : ViewModel","description":"com.example.mobiilisovellusprojekti.ViewModels.BleViewModel","location":"app/com.example.mobiilisovellusprojekti.ViewModels/-ble-view-model/index.html","searchKeys":["BleViewModel","class BleViewModel : ViewModel","com.example.mobiilisovellusprojekti.ViewModels.BleViewModel"]},{"name":"class ChatBleServer(context: Context, coroutineScope: CoroutineScope)","description":"com.example.mobiilisovellusprojekti.ViewModels.ChatBleServer","location":"app/com.example.mobiilisovellusprojekti.ViewModels/-chat-ble-server/index.html","searchKeys":["ChatBleServer","class ChatBleServer(context: Context, coroutineScope: CoroutineScope)","com.example.mobiilisovellusprojekti.ViewModels.ChatBleServer"]},{"name":"class ChatViewModel : ViewModel","description":"com.example.mobiilisovellusprojekti.ViewModels.ChatViewModel","location":"app/com.example.mobiilisovellusprojekti.ViewModels/-chat-view-model/index.html","searchKeys":["ChatViewModel","class ChatViewModel : ViewModel","com.example.mobiilisovellusprojekti.ViewModels.ChatViewModel"]},{"name":"class DrawingViewModel : ViewModel","description":"com.example.mobiilisovellusprojekti.ViewModels.DrawingViewModel","location":"app/com.example.mobiilisovellusprojekti.ViewModels/-drawing-view-model/index.html","searchKeys":["DrawingViewModel","class DrawingViewModel : ViewModel","com.example.mobiilisovellusprojekti.ViewModels.DrawingViewModel"]},{"name":"class GameViewModel : ViewModel","description":"com.example.mobiilisovellusprojekti.ViewModels.GameViewModel","location":"app/com.example.mobiilisovellusprojekti.ViewModels/-game-view-model/index.html","searchKeys":["GameViewModel","class GameViewModel : ViewModel","com.example.mobiilisovellusprojekti.ViewModels.GameViewModel"]},{"name":"class MainActivity : ComponentActivity","description":"com.example.mobiilisovellusprojekti.MainActivity","location":"app/com.example.mobiilisovellusprojekti/-main-activity/index.html","searchKeys":["MainActivity","class MainActivity : ComponentActivity","com.example.mobiilisovellusprojekti.MainActivity"]},{"name":"class WordRepository(dao: WordDao)","description":"com.example.mobiilisovellusprojekti.data.WordRepository","location":"app/com.example.mobiilisovellusprojekti.data/-word-repository/index.html","searchKeys":["WordRepository","class WordRepository(dao: WordDao)","com.example.mobiilisovellusprojekti.data.WordRepository"]},{"name":"class WordViewModel(application: Application) : AndroidViewModel","description":"com.example.mobiilisovellusprojekti.ViewModels.WordViewModel","location":"app/com.example.mobiilisovellusprojekti.ViewModels/-word-view-model/index.html","searchKeys":["WordViewModel","class WordViewModel(application: Application) : AndroidViewModel","com.example.mobiilisovellusprojekti.ViewModels.WordViewModel"]},{"name":"const val PERMISSION_REQUEST_CODE: Int = 1","description":"com.example.mobiilisovellusprojekti.Permissions.PERMISSION_REQUEST_CODE","location":"app/com.example.mobiilisovellusprojekti.Permissions/-p-e-r-m-i-s-s-i-o-n_-r-e-q-u-e-s-t_-c-o-d-e.html","searchKeys":["PERMISSION_REQUEST_CODE","const val PERMISSION_REQUEST_CODE: Int = 1","com.example.mobiilisovellusprojekti.Permissions.PERMISSION_REQUEST_CODE"]},{"name":"constructor()","description":"com.example.mobiilisovellusprojekti.MainActivity.MainActivity","location":"app/com.example.mobiilisovellusprojekti/-main-activity/-main-activity.html","searchKeys":["MainActivity","constructor()","com.example.mobiilisovellusprojekti.MainActivity.MainActivity"]},{"name":"constructor()","description":"com.example.mobiilisovellusprojekti.ViewModels.BleViewModel.BleViewModel","location":"app/com.example.mobiilisovellusprojekti.ViewModels/-ble-view-model/-ble-view-model.html","searchKeys":["BleViewModel","constructor()","com.example.mobiilisovellusprojekti.ViewModels.BleViewModel.BleViewModel"]},{"name":"constructor()","description":"com.example.mobiilisovellusprojekti.ViewModels.ChatViewModel.ChatViewModel","location":"app/com.example.mobiilisovellusprojekti.ViewModels/-chat-view-model/-chat-view-model.html","searchKeys":["ChatViewModel","constructor()","com.example.mobiilisovellusprojekti.ViewModels.ChatViewModel.ChatViewModel"]},{"name":"constructor()","description":"com.example.mobiilisovellusprojekti.ViewModels.DrawingViewModel.DrawingViewModel","location":"app/com.example.mobiilisovellusprojekti.ViewModels/-drawing-view-model/-drawing-view-model.html","searchKeys":["DrawingViewModel","constructor()","com.example.mobiilisovellusprojekti.ViewModels.DrawingViewModel.DrawingViewModel"]},{"name":"constructor()","description":"com.example.mobiilisovellusprojekti.ViewModels.GameViewModel.GameViewModel","location":"app/com.example.mobiilisovellusprojekti.ViewModels/-game-view-model/-game-view-model.html","searchKeys":["GameViewModel","constructor()","com.example.mobiilisovellusprojekti.ViewModels.GameViewModel.GameViewModel"]},{"name":"constructor()","description":"com.example.mobiilisovellusprojekti.data.WordDatabase.WordDatabase","location":"app/com.example.mobiilisovellusprojekti.data/-word-database/-word-database.html","searchKeys":["WordDatabase","constructor()","com.example.mobiilisovellusprojekti.data.WordDatabase.WordDatabase"]},{"name":"constructor(application: Application)","description":"com.example.mobiilisovellusprojekti.ViewModels.WordViewModel.WordViewModel","location":"app/com.example.mobiilisovellusprojekti.ViewModels/-word-view-model/-word-view-model.html","searchKeys":["WordViewModel","constructor(application: Application)","com.example.mobiilisovellusprojekti.ViewModels.WordViewModel.WordViewModel"]},{"name":"constructor(color: Color, isEraser: Boolean = false)","description":"com.example.mobiilisovellusprojekti.ViewModels.DrawingColor.DrawingColor","location":"app/com.example.mobiilisovellusprojekti.ViewModels/-drawing-color/-drawing-color.html","searchKeys":["DrawingColor","constructor(color: Color, isEraser: Boolean = false)","com.example.mobiilisovellusprojekti.ViewModels.DrawingColor.DrawingColor"]},{"name":"constructor(color: DrawingColor)","description":"com.example.mobiilisovellusprojekti.ViewModels.DrawingAction.OnSelectColor.OnSelectColor","location":"app/com.example.mobiilisovellusprojekti.ViewModels/-drawing-action/-on-select-color/-on-select-color.html","searchKeys":["OnSelectColor","constructor(color: DrawingColor)","com.example.mobiilisovellusprojekti.ViewModels.DrawingAction.OnSelectColor.OnSelectColor"]},{"name":"constructor(context: Context, coroutineScope: CoroutineScope)","description":"com.example.mobiilisovellusprojekti.ViewModels.ChatBleServer.ChatBleServer","location":"app/com.example.mobiilisovellusprojekti.ViewModels/-chat-ble-server/-chat-ble-server.html","searchKeys":["ChatBleServer","constructor(context: Context, coroutineScope: CoroutineScope)","com.example.mobiilisovellusprojekti.ViewModels.ChatBleServer.ChatBleServer"]},{"name":"constructor(dao: WordDao)","description":"com.example.mobiilisovellusprojekti.data.WordRepository.WordRepository","location":"app/com.example.mobiilisovellusprojekti.data/-word-repository/-word-repository.html","searchKeys":["WordRepository","constructor(dao: WordDao)","com.example.mobiilisovellusprojekti.data.WordRepository.WordRepository"]},{"name":"constructor(id: Int = 0, word: String, difficulty: Int)","description":"com.example.mobiilisovellusprojekti.data.Word.Word","location":"app/com.example.mobiilisovellusprojekti.data/-word/-word.html","searchKeys":["Word","constructor(id: Int = 0, word: String, difficulty: Int)","com.example.mobiilisovellusprojekti.data.Word.Word"]},{"name":"constructor(id: String, color: Color, path: List<Offset>)","description":"com.example.mobiilisovellusprojekti.ViewModels.PathData.PathData","location":"app/com.example.mobiilisovellusprojekti.ViewModels/-path-data/-path-data.html","searchKeys":["PathData","constructor(id: String, color: Color, path: List<Offset>)","com.example.mobiilisovellusprojekti.ViewModels.PathData.PathData"]},{"name":"constructor(isAdvertising: Boolean)","description":"com.example.mobiilisovellusprojekti.ViewModels.AdvertisingState.AdvertisingState","location":"app/com.example.mobiilisovellusprojekti.ViewModels/-advertising-state/-advertising-state.html","searchKeys":["AdvertisingState","constructor(isAdvertising: Boolean)","com.example.mobiilisovellusprojekti.ViewModels.AdvertisingState.AdvertisingState"]},{"name":"constructor(message: String, isSentByUser: Boolean)","description":"com.example.mobiilisovellusprojekti.ViewModels.ChatMessage.ChatMessage","location":"app/com.example.mobiilisovellusprojekti.ViewModels/-chat-message/-chat-message.html","searchKeys":["ChatMessage","constructor(message: String, isSentByUser: Boolean)","com.example.mobiilisovellusprojekti.ViewModels.ChatMessage.ChatMessage"]},{"name":"constructor(offset: Offset)","description":"com.example.mobiilisovellusprojekti.ViewModels.DrawingAction.OnDraw.OnDraw","location":"app/com.example.mobiilisovellusprojekti.ViewModels/-drawing-action/-on-draw/-on-draw.html","searchKeys":["OnDraw","constructor(offset: Offset)","com.example.mobiilisovellusprojekti.ViewModels.DrawingAction.OnDraw.OnDraw"]},{"name":"constructor(selectedColor: DrawingColor = allColors.first(), currentPath: PathData? = null, paths: List<PathData> = emptyList())","description":"com.example.mobiilisovellusprojekti.ViewModels.DrawingState.DrawingState","location":"app/com.example.mobiilisovellusprojekti.ViewModels/-drawing-state/-drawing-state.html","searchKeys":["DrawingState","constructor(selectedColor: DrawingColor = allColors.first(), currentPath: PathData? = null, paths: List<PathData> = emptyList())","com.example.mobiilisovellusprojekti.ViewModels.DrawingState.DrawingState"]},{"name":"data class AdvertisingState(val isAdvertising: Boolean)","description":"com.example.mobiilisovellusprojekti.ViewModels.AdvertisingState","location":"app/com.example.mobiilisovellusprojekti.ViewModels/-advertising-state/index.html","searchKeys":["AdvertisingState","data class AdvertisingState(val isAdvertising: Boolean)","com.example.mobiilisovellusprojekti.ViewModels.AdvertisingState"]},{"name":"data class ChatMessage(val message: String, val isSentByUser: Boolean)","description":"com.example.mobiilisovellusprojekti.ViewModels.ChatMessage","location":"app/com.example.mobiilisovellusprojekti.ViewModels/-chat-message/index.html","searchKeys":["ChatMessage","data class ChatMessage(val message: String, val isSentByUser: Boolean)","com.example.mobiilisovellusprojekti.ViewModels.ChatMessage"]},{"name":"data class DrawingColor(val color: Color, val isEraser: Boolean = false)","description":"com.example.mobiilisovellusprojekti.ViewModels.DrawingColor","location":"app/com.example.mobiilisovellusprojekti.ViewModels/-drawing-color/index.html","searchKeys":["DrawingColor","data class DrawingColor(val color: Color, val isEraser: Boolean = false)","com.example.mobiilisovellusprojekti.ViewModels.DrawingColor"]},{"name":"data class DrawingState(val selectedColor: DrawingColor = allColors.first(), val currentPath: PathData? = null, val paths: List<PathData> = emptyList())","description":"com.example.mobiilisovellusprojekti.ViewModels.DrawingState","location":"app/com.example.mobiilisovellusprojekti.ViewModels/-drawing-state/index.html","searchKeys":["DrawingState","data class DrawingState(val selectedColor: DrawingColor = allColors.first(), val currentPath: PathData? = null, val paths: List<PathData> = emptyList())","com.example.mobiilisovellusprojekti.ViewModels.DrawingState"]},{"name":"data class OnDraw(val offset: Offset) : DrawingAction","description":"com.example.mobiilisovellusprojekti.ViewModels.DrawingAction.OnDraw","location":"app/com.example.mobiilisovellusprojekti.ViewModels/-drawing-action/-on-draw/index.html","searchKeys":["OnDraw","data class OnDraw(val offset: Offset) : DrawingAction","com.example.mobiilisovellusprojekti.ViewModels.DrawingAction.OnDraw"]},{"name":"data class OnSelectColor(val color: DrawingColor) : DrawingAction","description":"com.example.mobiilisovellusprojekti.ViewModels.DrawingAction.OnSelectColor","location":"app/com.example.mobiilisovellusprojekti.ViewModels/-drawing-action/-on-select-color/index.html","searchKeys":["OnSelectColor","data class OnSelectColor(val color: DrawingColor) : DrawingAction","com.example.mobiilisovellusprojekti.ViewModels.DrawingAction.OnSelectColor"]},{"name":"data class PathData(val id: String, val color: Color, val path: List<Offset>)","description":"com.example.mobiilisovellusprojekti.ViewModels.PathData","location":"app/com.example.mobiilisovellusprojekti.ViewModels/-path-data/index.html","searchKeys":["PathData","data class PathData(val id: String, val color: Color, val path: List<Offset>)","com.example.mobiilisovellusprojekti.ViewModels.PathData"]},{"name":"data class Word(val id: Int = 0, val word: String, val difficulty: Int)","description":"com.example.mobiilisovellusprojekti.data.Word","location":"app/com.example.mobiilisovellusprojekti.data/-word/index.html","searchKeys":["Word","data class Word(val id: Int = 0, val word: String, val difficulty: Int)","com.example.mobiilisovellusprojekti.data.Word"]},{"name":"data object OnClearCanvasClick : DrawingAction","description":"com.example.mobiilisovellusprojekti.ViewModels.DrawingAction.OnClearCanvasClick","location":"app/com.example.mobiilisovellusprojekti.ViewModels/-drawing-action/-on-clear-canvas-click/index.html","searchKeys":["OnClearCanvasClick","data object OnClearCanvasClick : DrawingAction","com.example.mobiilisovellusprojekti.ViewModels.DrawingAction.OnClearCanvasClick"]},{"name":"data object OnNewPathStart : DrawingAction","description":"com.example.mobiilisovellusprojekti.ViewModels.DrawingAction.OnNewPathStart","location":"app/com.example.mobiilisovellusprojekti.ViewModels/-drawing-action/-on-new-path-start/index.html","searchKeys":["OnNewPathStart","data object OnNewPathStart : DrawingAction","com.example.mobiilisovellusprojekti.ViewModels.DrawingAction.OnNewPathStart"]},{"name":"data object OnPathEnd : DrawingAction","description":"com.example.mobiilisovellusprojekti.ViewModels.DrawingAction.OnPathEnd","location":"app/com.example.mobiilisovellusprojekti.ViewModels/-drawing-action/-on-path-end/index.html","searchKeys":["OnPathEnd","data object OnPathEnd : DrawingAction","com.example.mobiilisovellusprojekti.ViewModels.DrawingAction.OnPathEnd"]},{"name":"enum NavigationScreens : Enum<NavigationScreens> ","description":"com.example.mobiilisovellusprojekti.screens.navigation.NavigationScreens","location":"app/com.example.mobiilisovellusprojekti.screens.navigation/-navigation-screens/index.html","searchKeys":["NavigationScreens","enum NavigationScreens : Enum<NavigationScreens> ","com.example.mobiilisovellusprojekti.screens.navigation.NavigationScreens"]},{"name":"fun BTConnect(navController: NavController, modifier: Modifier, bleViewModel: BleViewModel, chatViewModel: ChatViewModel, drawingViewModel: DrawingViewModel, gameViewModel: GameViewModel, isDarkTheme: Boolean)","description":"com.example.mobiilisovellusprojekti.screens.screens.BTConnect","location":"app/com.example.mobiilisovellusprojekti.screens.screens/-b-t-connect.html","searchKeys":["BTConnect","fun BTConnect(navController: NavController, modifier: Modifier, bleViewModel: BleViewModel, chatViewModel: ChatViewModel, drawingViewModel: DrawingViewModel, gameViewModel: GameViewModel, isDarkTheme: Boolean)","com.example.mobiilisovellusprojekti.screens.screens.BTConnect"]},{"name":"fun ColumnScope.CanvasControls(selectedColor: DrawingColor, colors: List<DrawingColor>, onSelectColor: (DrawingColor) -> Unit, onClearCanvas: () -> Unit, modifier: Modifier = Modifier, bleViewModel: BleViewModel)","description":"com.example.mobiilisovellusprojekti.screens.screens.CanvasControls","location":"app/com.example.mobiilisovellusprojekti.screens.screens/-canvas-controls.html","searchKeys":["CanvasControls","fun ColumnScope.CanvasControls(selectedColor: DrawingColor, colors: List<DrawingColor>, onSelectColor: (DrawingColor) -> Unit, onClearCanvas: () -> Unit, modifier: Modifier = Modifier, bleViewModel: BleViewModel)","com.example.mobiilisovellusprojekti.screens.screens.CanvasControls"]},{"name":"fun Contacts(navController: NavController, modifier: Modifier, isDarkTheme: Boolean)","description":"com.example.mobiilisovellusprojekti.screens.screens.Contacts","location":"app/com.example.mobiilisovellusprojekti.screens.screens/-contacts.html","searchKeys":["Contacts","fun Contacts(navController: NavController, modifier: Modifier, isDarkTheme: Boolean)","com.example.mobiilisovellusprojekti.screens.screens.Contacts"]},{"name":"fun DrawScreen(navController: NavController, modifier: Modifier, onBackToHome: () -> Unit, onPlayAgain: () -> Unit, bleViewModel: BleViewModel, chatViewModel: ChatViewModel, drawingViewModel: DrawingViewModel, gameViewModel: GameViewModel, isDarkTheme: Boolean)","description":"com.example.mobiilisovellusprojekti.screens.screens.DrawScreen","location":"app/com.example.mobiilisovellusprojekti.screens.screens/-draw-screen.html","searchKeys":["DrawScreen","fun DrawScreen(navController: NavController, modifier: Modifier, onBackToHome: () -> Unit, onPlayAgain: () -> Unit, bleViewModel: BleViewModel, chatViewModel: ChatViewModel, drawingViewModel: DrawingViewModel, gameViewModel: GameViewModel, isDarkTheme: Boolean)","com.example.mobiilisovellusprojekti.screens.screens.DrawScreen"]},{"name":"fun DrawingCanvas(modifier: Modifier = Modifier, paths: List<PathData>, currentPath: PathData?, onAction: (DrawingAction) -> Unit)","description":"com.example.mobiilisovellusprojekti.screens.screens.DrawingCanvas","location":"app/com.example.mobiilisovellusprojekti.screens.screens/-drawing-canvas.html","searchKeys":["DrawingCanvas","fun DrawingCanvas(modifier: Modifier = Modifier, paths: List<PathData>, currentPath: PathData?, onAction: (DrawingAction) -> Unit)","com.example.mobiilisovellusprojekti.screens.screens.DrawingCanvas"]},{"name":"fun DrawingColorItem(drawingColor: DrawingColor, isSelected: Boolean)","description":"com.example.mobiilisovellusprojekti.screens.screens.DrawingColorItem","location":"app/com.example.mobiilisovellusprojekti.screens.screens/-drawing-color-item.html","searchKeys":["DrawingColorItem","fun DrawingColorItem(drawingColor: DrawingColor, isSelected: Boolean)","com.example.mobiilisovellusprojekti.screens.screens.DrawingColorItem"]},{"name":"fun GameScreen(navController: NavController, modifier: Modifier, bleViewModel: BleViewModel, chatViewModel: ChatViewModel, gameViewModel: GameViewModel, drawingViewModel: DrawingViewModel, isDarkTheme: Boolean)","description":"com.example.mobiilisovellusprojekti.screens.screens.GameScreen","location":"app/com.example.mobiilisovellusprojekti.screens.screens/-game-screen.html","searchKeys":["GameScreen","fun GameScreen(navController: NavController, modifier: Modifier, bleViewModel: BleViewModel, chatViewModel: ChatViewModel, gameViewModel: GameViewModel, drawingViewModel: DrawingViewModel, isDarkTheme: Boolean)","com.example.mobiilisovellusprojekti.screens.screens.GameScreen"]},{"name":"fun GameStatistics(navController: NavController, modifier: Modifier, isDarkTheme: Boolean)","description":"com.example.mobiilisovellusprojekti.screens.screens.GameStatistics","location":"app/com.example.mobiilisovellusprojekti.screens.screens/-game-statistics.html","searchKeys":["GameStatistics","fun GameStatistics(navController: NavController, modifier: Modifier, isDarkTheme: Boolean)","com.example.mobiilisovellusprojekti.screens.screens.GameStatistics"]},{"name":"fun GuessScreen(modifier: Modifier = Modifier, onBackToHome: () -> Unit, onPlayAgain: () -> Unit, drawingViewModel: DrawingViewModel, navController: NavController, bleViewModel: BleViewModel, chatViewModel: ChatViewModel, isDarkTheme: Boolean, gameViewModel: GameViewModel)","description":"com.example.mobiilisovellusprojekti.screens.screens.GuessScreen","location":"app/com.example.mobiilisovellusprojekti.screens.screens/-guess-screen.html","searchKeys":["GuessScreen","fun GuessScreen(modifier: Modifier = Modifier, onBackToHome: () -> Unit, onPlayAgain: () -> Unit, drawingViewModel: DrawingViewModel, navController: NavController, bleViewModel: BleViewModel, chatViewModel: ChatViewModel, isDarkTheme: Boolean, gameViewModel: GameViewModel)","com.example.mobiilisovellusprojekti.screens.screens.GuessScreen"]},{"name":"fun History(navController: NavController, modifier: Modifier, isDarkTheme: Boolean)","description":"com.example.mobiilisovellusprojekti.screens.screens.History","location":"app/com.example.mobiilisovellusprojekti.screens.screens/-history.html","searchKeys":["History","fun History(navController: NavController, modifier: Modifier, isDarkTheme: Boolean)","com.example.mobiilisovellusprojekti.screens.screens.History"]},{"name":"fun Home(navController: NavController, modifier: Modifier = Modifier, isDarkTheme: Boolean)","description":"com.example.mobiilisovellusprojekti.screens.screens.Home","location":"app/com.example.mobiilisovellusprojekti.screens.screens/-home.html","searchKeys":["Home","fun Home(navController: NavController, modifier: Modifier = Modifier, isDarkTheme: Boolean)","com.example.mobiilisovellusprojekti.screens.screens.Home"]},{"name":"fun MobiilisovellusProjektiTheme(darkTheme: Boolean = isSystemInDarkTheme(), dynamicColor: Boolean = false, content: () -> Unit)","description":"com.example.mobiilisovellusprojekti.ui.theme.MobiilisovellusProjektiTheme","location":"app/com.example.mobiilisovellusprojekti.ui.theme/-mobiilisovellus-projekti-theme.html","searchKeys":["MobiilisovellusProjektiTheme","fun MobiilisovellusProjektiTheme(darkTheme: Boolean = isSystemInDarkTheme(), dynamicColor: Boolean = false, content: () -> Unit)","com.example.mobiilisovellusprojekti.ui.theme.MobiilisovellusProjektiTheme"]},{"name":"fun Navigation(modifier: Modifier, bleViewModel: BleViewModel, chatViewModel: ChatViewModel, drawingViewModel: DrawingViewModel, gameViewModel: GameViewModel)","description":"com.example.mobiilisovellusprojekti.screens.navigation.Navigation","location":"app/com.example.mobiilisovellusprojekti.screens.navigation/-navigation.html","searchKeys":["Navigation","fun Navigation(modifier: Modifier, bleViewModel: BleViewModel, chatViewModel: ChatViewModel, drawingViewModel: DrawingViewModel, gameViewModel: GameViewModel)","com.example.mobiilisovellusprojekti.screens.navigation.Navigation"]},{"name":"fun NewProfile(navController: NavController, modifier: Modifier, isDarkTheme: Boolean)","description":"com.example.mobiilisovellusprojekti.screens.screens.NewProfile","location":"app/com.example.mobiilisovellusprojekti.screens.screens/-new-profile.html","searchKeys":["NewProfile","fun NewProfile(navController: NavController, modifier: Modifier, isDarkTheme: Boolean)","com.example.mobiilisovellusprojekti.screens.screens.NewProfile"]},{"name":"fun Player(navController: NavController, modifier: Modifier, isDarkTheme: Boolean)","description":"com.example.mobiilisovellusprojekti.screens.screens.Player","location":"app/com.example.mobiilisovellusprojekti.screens.screens/-player.html","searchKeys":["Player","fun Player(navController: NavController, modifier: Modifier, isDarkTheme: Boolean)","com.example.mobiilisovellusprojekti.screens.screens.Player"]},{"name":"fun Test(navController: NavController, modifier: Modifier, isDarkTheme: Boolean)","description":"com.example.mobiilisovellusprojekti.screens.screens.Test","location":"app/com.example.mobiilisovellusprojekti.screens.screens/-test.html","searchKeys":["Test","fun Test(navController: NavController, modifier: Modifier, isDarkTheme: Boolean)","com.example.mobiilisovellusprojekti.screens.screens.Test"]},{"name":"fun WordScreen(navController: NavController, modifier: Modifier, isDarkTheme: Boolean, viewModel: WordViewModel = viewModel())","description":"com.example.mobiilisovellusprojekti.screens.screens.WordScreen","location":"app/com.example.mobiilisovellusprojekti.screens.screens/-word-screen.html","searchKeys":["WordScreen","fun WordScreen(navController: NavController, modifier: Modifier, isDarkTheme: Boolean, viewModel: WordViewModel = viewModel())","com.example.mobiilisovellusprojekti.screens.screens.WordScreen"]},{"name":"fun addMessage(message: String, isSentByUser: Boolean)","description":"com.example.mobiilisovellusprojekti.ViewModels.ChatViewModel.addMessage","location":"app/com.example.mobiilisovellusprojekti.ViewModels/-chat-view-model/add-message.html","searchKeys":["addMessage","fun addMessage(message: String, isSentByUser: Boolean)","com.example.mobiilisovellusprojekti.ViewModels.ChatViewModel.addMessage"]},{"name":"fun clearCanvas()","description":"com.example.mobiilisovellusprojekti.ViewModels.BleViewModel.clearCanvas","location":"app/com.example.mobiilisovellusprojekti.ViewModels/-ble-view-model/clear-canvas.html","searchKeys":["clearCanvas","fun clearCanvas()","com.example.mobiilisovellusprojekti.ViewModels.BleViewModel.clearCanvas"]},{"name":"fun clearScannedDevices()","description":"com.example.mobiilisovellusprojekti.ViewModels.BleViewModel.clearScannedDevices","location":"app/com.example.mobiilisovellusprojekti.ViewModels/-ble-view-model/clear-scanned-devices.html","searchKeys":["clearScannedDevices","fun clearScannedDevices()","com.example.mobiilisovellusprojekti.ViewModels.BleViewModel.clearScannedDevices"]},{"name":"fun declareServer(context: Context, viewModelScope: CoroutineScope, onServerCreated: (ServerBleGatt) -> Unit)","description":"com.example.mobiilisovellusprojekti.ViewModels.ChatBleServer.declareServer","location":"app/com.example.mobiilisovellusprojekti.ViewModels/-chat-ble-server/declare-server.html","searchKeys":["declareServer","fun declareServer(context: Context, viewModelScope: CoroutineScope, onServerCreated: (ServerBleGatt) -> Unit)","com.example.mobiilisovellusprojekti.ViewModels.ChatBleServer.declareServer"]},{"name":"fun delete(word: Word)","description":"com.example.mobiilisovellusprojekti.ViewModels.WordViewModel.delete","location":"app/com.example.mobiilisovellusprojekti.ViewModels/-word-view-model/delete.html","searchKeys":["delete","fun delete(word: Word)","com.example.mobiilisovellusprojekti.ViewModels.WordViewModel.delete"]},{"name":"fun deserializePathDataBinary(bytes: ByteArray): PathData","description":"com.example.mobiilisovellusprojekti.ViewModels.DrawingViewModel.deserializePathDataBinary","location":"app/com.example.mobiilisovellusprojekti.ViewModels/-drawing-view-model/deserialize-path-data-binary.html","searchKeys":["deserializePathDataBinary","fun deserializePathDataBinary(bytes: ByteArray): PathData","com.example.mobiilisovellusprojekti.ViewModels.DrawingViewModel.deserializePathDataBinary"]},{"name":"fun disconnectAllDevices()","description":"com.example.mobiilisovellusprojekti.ViewModels.ChatBleServer.disconnectAllDevices","location":"app/com.example.mobiilisovellusprojekti.ViewModels/-chat-ble-server/disconnect-all-devices.html","searchKeys":["disconnectAllDevices","fun disconnectAllDevices()","com.example.mobiilisovellusprojekti.ViewModels.ChatBleServer.disconnectAllDevices"]},{"name":"fun getDatabase(context: Context): WordDatabase","description":"com.example.mobiilisovellusprojekti.data.WordDatabase.Companion.getDatabase","location":"app/com.example.mobiilisovellusprojekti.data/-word-database/-companion/get-database.html","searchKeys":["getDatabase","fun getDatabase(context: Context): WordDatabase","com.example.mobiilisovellusprojekti.data.WordDatabase.Companion.getDatabase"]},{"name":"fun getRandomWord()","description":"com.example.mobiilisovellusprojekti.ViewModels.WordViewModel.getRandomWord","location":"app/com.example.mobiilisovellusprojekti.ViewModels/-word-view-model/get-random-word.html","searchKeys":["getRandomWord","fun getRandomWord()","com.example.mobiilisovellusprojekti.ViewModels.WordViewModel.getRandomWord"]},{"name":"fun hasBluetoothPermissions(context: Context): Boolean","description":"com.example.mobiilisovellusprojekti.Permissions.hasBluetoothPermissions","location":"app/com.example.mobiilisovellusprojekti.Permissions/has-bluetooth-permissions.html","searchKeys":["hasBluetoothPermissions","fun hasBluetoothPermissions(context: Context): Boolean","com.example.mobiilisovellusprojekti.Permissions.hasBluetoothPermissions"]},{"name":"fun initializeChatBleServer(context: Context)","description":"com.example.mobiilisovellusprojekti.ViewModels.BleViewModel.initializeChatBleServer","location":"app/com.example.mobiilisovellusprojekti.ViewModels/-ble-view-model/initialize-chat-ble-server.html","searchKeys":["initializeChatBleServer","fun initializeChatBleServer(context: Context)","com.example.mobiilisovellusprojekti.ViewModels.BleViewModel.initializeChatBleServer"]},{"name":"fun insert(word: Word)","description":"com.example.mobiilisovellusprojekti.ViewModels.WordViewModel.insert","location":"app/com.example.mobiilisovellusprojekti.ViewModels/-word-view-model/insert.html","searchKeys":["insert","fun insert(word: Word)","com.example.mobiilisovellusprojekti.ViewModels.WordViewModel.insert"]},{"name":"fun observeChatNotifications(context: Context, chatViewModel: ChatViewModel, gameViewModel: GameViewModel, drawingViewModel: DrawingViewModel)","description":"com.example.mobiilisovellusprojekti.ViewModels.BleViewModel.observeChatNotifications","location":"app/com.example.mobiilisovellusprojekti.ViewModels/-ble-view-model/observe-chat-notifications.html","searchKeys":["observeChatNotifications","fun observeChatNotifications(context: Context, chatViewModel: ChatViewModel, gameViewModel: GameViewModel, drawingViewModel: DrawingViewModel)","com.example.mobiilisovellusprojekti.ViewModels.BleViewModel.observeChatNotifications"]},{"name":"fun observeConnections(server: ServerBleGatt, viewModelScope: CoroutineScope, chatViewModel: ChatViewModel, drawingViewModel: DrawingViewModel, gameViewModel: GameViewModel, onDeviceConnected: () -> Unit)","description":"com.example.mobiilisovellusprojekti.ViewModels.ChatBleServer.observeConnections","location":"app/com.example.mobiilisovellusprojekti.ViewModels/-chat-ble-server/observe-connections.html","searchKeys":["observeConnections","fun observeConnections(server: ServerBleGatt, viewModelScope: CoroutineScope, chatViewModel: ChatViewModel, drawingViewModel: DrawingViewModel, gameViewModel: GameViewModel, onDeviceConnected: () -> Unit)","com.example.mobiilisovellusprojekti.ViewModels.ChatBleServer.observeConnections"]},{"name":"fun observeCordinateNotifications(context: Context, drawingViewModel: DrawingViewModel)","description":"com.example.mobiilisovellusprojekti.ViewModels.BleViewModel.observeCordinateNotifications","location":"app/com.example.mobiilisovellusprojekti.ViewModels/-ble-view-model/observe-cordinate-notifications.html","searchKeys":["observeCordinateNotifications","fun observeCordinateNotifications(context: Context, drawingViewModel: DrawingViewModel)","com.example.mobiilisovellusprojekti.ViewModels.BleViewModel.observeCordinateNotifications"]},{"name":"fun onAction(action: DrawingAction, bleViewModel: BleViewModel)","description":"com.example.mobiilisovellusprojekti.ViewModels.DrawingViewModel.onAction","location":"app/com.example.mobiilisovellusprojekti.ViewModels/-drawing-view-model/on-action.html","searchKeys":["onAction","fun onAction(action: DrawingAction, bleViewModel: BleViewModel)","com.example.mobiilisovellusprojekti.ViewModels.DrawingViewModel.onAction"]},{"name":"fun onClearCanvas()","description":"com.example.mobiilisovellusprojekti.ViewModels.DrawingViewModel.onClearCanvas","location":"app/com.example.mobiilisovellusprojekti.ViewModels/-drawing-view-model/on-clear-canvas.html","searchKeys":["onClearCanvas","fun onClearCanvas()","com.example.mobiilisovellusprojekti.ViewModels.DrawingViewModel.onClearCanvas"]},{"name":"fun onNewMessage(message: String)","description":"com.example.mobiilisovellusprojekti.ViewModels.GameViewModel.onNewMessage","location":"app/com.example.mobiilisovellusprojekti.ViewModels/-game-view-model/on-new-message.html","searchKeys":["onNewMessage","fun onNewMessage(message: String)","com.example.mobiilisovellusprojekti.ViewModels.GameViewModel.onNewMessage"]},{"name":"fun outlinedButtonColors(): ButtonColors","description":"com.example.mobiilisovellusprojekti.ui.theme.outlinedButtonColors","location":"app/com.example.mobiilisovellusprojekti.ui.theme/outlined-button-colors.html","searchKeys":["outlinedButtonColors","fun outlinedButtonColors(): ButtonColors","com.example.mobiilisovellusprojekti.ui.theme.outlinedButtonColors"]},{"name":"fun primaryButtonColors(): ButtonColors","description":"com.example.mobiilisovellusprojekti.ui.theme.primaryButtonColors","location":"app/com.example.mobiilisovellusprojekti.ui.theme/primary-button-colors.html","searchKeys":["primaryButtonColors","fun primaryButtonColors(): ButtonColors","com.example.mobiilisovellusprojekti.ui.theme.primaryButtonColors"]},{"name":"fun requestPermissions(activity: Activity)","description":"com.example.mobiilisovellusprojekti.Permissions.requestPermissions","location":"app/com.example.mobiilisovellusprojekti.Permissions/request-permissions.html","searchKeys":["requestPermissions","fun requestPermissions(activity: Activity)","com.example.mobiilisovellusprojekti.Permissions.requestPermissions"]},{"name":"fun resetBleViewModel()","description":"com.example.mobiilisovellusprojekti.ViewModels.BleViewModel.resetBleViewModel","location":"app/com.example.mobiilisovellusprojekti.ViewModels/-ble-view-model/reset-ble-view-model.html","searchKeys":["resetBleViewModel","fun resetBleViewModel()","com.example.mobiilisovellusprojekti.ViewModels.BleViewModel.resetBleViewModel"]},{"name":"fun resetChatState()","description":"com.example.mobiilisovellusprojekti.ViewModels.ChatViewModel.resetChatState","location":"app/com.example.mobiilisovellusprojekti.ViewModels/-chat-view-model/reset-chat-state.html","searchKeys":["resetChatState","fun resetChatState()","com.example.mobiilisovellusprojekti.ViewModels.ChatViewModel.resetChatState"]},{"name":"fun resetDrawingState()","description":"com.example.mobiilisovellusprojekti.ViewModels.DrawingViewModel.resetDrawingState","location":"app/com.example.mobiilisovellusprojekti.ViewModels/-drawing-view-model/reset-drawing-state.html","searchKeys":["resetDrawingState","fun resetDrawingState()","com.example.mobiilisovellusprojekti.ViewModels.DrawingViewModel.resetDrawingState"]},{"name":"fun resetGameState()","description":"com.example.mobiilisovellusprojekti.ViewModels.GameViewModel.resetGameState","location":"app/com.example.mobiilisovellusprojekti.ViewModels/-game-view-model/reset-game-state.html","searchKeys":["resetGameState","fun resetGameState()","com.example.mobiilisovellusprojekti.ViewModels.GameViewModel.resetGameState"]},{"name":"fun scanDevices(context: Context)","description":"com.example.mobiilisovellusprojekti.ViewModels.BleViewModel.scanDevices","location":"app/com.example.mobiilisovellusprojekti.ViewModels/-ble-view-model/scan-devices.html","searchKeys":["scanDevices","fun scanDevices(context: Context)","com.example.mobiilisovellusprojekti.ViewModels.BleViewModel.scanDevices"]},{"name":"fun secondaryButtonColors(): ButtonColors","description":"com.example.mobiilisovellusprojekti.ui.theme.secondaryButtonColors","location":"app/com.example.mobiilisovellusprojekti.ui.theme/secondary-button-colors.html","searchKeys":["secondaryButtonColors","fun secondaryButtonColors(): ButtonColors","com.example.mobiilisovellusprojekti.ui.theme.secondaryButtonColors"]},{"name":"fun sendCoordinates(drawingState: DrawingState, viewModelScope: CoroutineScope, drawingViewModel: DrawingViewModel)","description":"com.example.mobiilisovellusprojekti.ViewModels.ChatBleServer.sendCoordinates","location":"app/com.example.mobiilisovellusprojekti.ViewModels/-chat-ble-server/send-coordinates.html","searchKeys":["sendCoordinates","fun sendCoordinates(drawingState: DrawingState, viewModelScope: CoroutineScope, drawingViewModel: DrawingViewModel)","com.example.mobiilisovellusprojekti.ViewModels.ChatBleServer.sendCoordinates"]},{"name":"fun sendCoordinatesToServer(drawingState: DrawingState, drawingViewModel: DrawingViewModel)","description":"com.example.mobiilisovellusprojekti.ViewModels.BleViewModel.sendCoordinatesToServer","location":"app/com.example.mobiilisovellusprojekti.ViewModels/-ble-view-model/send-coordinates-to-server.html","searchKeys":["sendCoordinatesToServer","fun sendCoordinatesToServer(drawingState: DrawingState, drawingViewModel: DrawingViewModel)","com.example.mobiilisovellusprojekti.ViewModels.BleViewModel.sendCoordinatesToServer"]},{"name":"fun sendMessage(message: String, chatViewModel: ChatViewModel)","description":"com.example.mobiilisovellusprojekti.ViewModels.BleViewModel.sendMessage","location":"app/com.example.mobiilisovellusprojekti.ViewModels/-ble-view-model/send-message.html","searchKeys":["sendMessage","fun sendMessage(message: String, chatViewModel: ChatViewModel)","com.example.mobiilisovellusprojekti.ViewModels.BleViewModel.sendMessage"]},{"name":"fun sendMessage(message: String, viewModelScope: CoroutineScope)","description":"com.example.mobiilisovellusprojekti.ViewModels.ChatBleServer.sendMessage","location":"app/com.example.mobiilisovellusprojekti.ViewModels/-chat-ble-server/send-message.html","searchKeys":["sendMessage","fun sendMessage(message: String, viewModelScope: CoroutineScope)","com.example.mobiilisovellusprojekti.ViewModels.ChatBleServer.sendMessage"]},{"name":"fun serializePathDataBinary(data: PathData): ByteArray","description":"com.example.mobiilisovellusprojekti.ViewModels.DrawingViewModel.serializePathDataBinary","location":"app/com.example.mobiilisovellusprojekti.ViewModels/-drawing-view-model/serialize-path-data-binary.html","searchKeys":["serializePathDataBinary","fun serializePathDataBinary(data: PathData): ByteArray","com.example.mobiilisovellusprojekti.ViewModels.DrawingViewModel.serializePathDataBinary"]},{"name":"fun setGameOver(value: Boolean)","description":"com.example.mobiilisovellusprojekti.ViewModels.GameViewModel.setGameOver","location":"app/com.example.mobiilisovellusprojekti.ViewModels/-game-view-model/set-game-over.html","searchKeys":["setGameOver","fun setGameOver(value: Boolean)","com.example.mobiilisovellusprojekti.ViewModels.GameViewModel.setGameOver"]},{"name":"fun setUpServices(services: ServerBleGattService, viewModelScope: CoroutineScope, chatViewModel: ChatViewModel, drawingViewModel: DrawingViewModel, gameViewModel: GameViewModel)","description":"com.example.mobiilisovellusprojekti.ViewModels.ChatBleServer.setUpServices","location":"app/com.example.mobiilisovellusprojekti.ViewModels/-chat-ble-server/set-up-services.html","searchKeys":["setUpServices","fun setUpServices(services: ServerBleGattService, viewModelScope: CoroutineScope, chatViewModel: ChatViewModel, drawingViewModel: DrawingViewModel, gameViewModel: GameViewModel)","com.example.mobiilisovellusprojekti.ViewModels.ChatBleServer.setUpServices"]},{"name":"fun setWord(word: String)","description":"com.example.mobiilisovellusprojekti.ViewModels.GameViewModel.setWord","location":"app/com.example.mobiilisovellusprojekti.ViewModels/-game-view-model/set-word.html","searchKeys":["setWord","fun setWord(word: String)","com.example.mobiilisovellusprojekti.ViewModels.GameViewModel.setWord"]},{"name":"fun startAdvertising()","description":"com.example.mobiilisovellusprojekti.ViewModels.ChatBleServer.startAdvertising","location":"app/com.example.mobiilisovellusprojekti.ViewModels/-chat-ble-server/start-advertising.html","searchKeys":["startAdvertising","fun startAdvertising()","com.example.mobiilisovellusprojekti.ViewModels.ChatBleServer.startAdvertising"]},{"name":"fun startAdvertising(context: Context, chatViewModel: ChatViewModel, drawingViewModel: DrawingViewModel, gameViewModel: GameViewModel, onDeviceConnected: () -> Unit)","description":"com.example.mobiilisovellusprojekti.ViewModels.BleViewModel.startAdvertising","location":"app/com.example.mobiilisovellusprojekti.ViewModels/-ble-view-model/start-advertising.html","searchKeys":["startAdvertising","fun startAdvertising(context: Context, chatViewModel: ChatViewModel, drawingViewModel: DrawingViewModel, gameViewModel: GameViewModel, onDeviceConnected: () -> Unit)","com.example.mobiilisovellusprojekti.ViewModels.BleViewModel.startAdvertising"]},{"name":"fun startServer(context: Context, viewModelScope: CoroutineScope, chatViewModel: ChatViewModel, drawingViewModel: DrawingViewModel, gameViewModel: GameViewModel, onDeviceConnected: () -> Unit)","description":"com.example.mobiilisovellusprojekti.ViewModels.ChatBleServer.startServer","location":"app/com.example.mobiilisovellusprojekti.ViewModels/-chat-ble-server/start-server.html","searchKeys":["startServer","fun startServer(context: Context, viewModelScope: CoroutineScope, chatViewModel: ChatViewModel, drawingViewModel: DrawingViewModel, gameViewModel: GameViewModel, onDeviceConnected: () -> Unit)","com.example.mobiilisovellusprojekti.ViewModels.ChatBleServer.startServer"]},{"name":"fun stopServer()","description":"com.example.mobiilisovellusprojekti.ViewModels.ChatBleServer.stopServer","location":"app/com.example.mobiilisovellusprojekti.ViewModels/-chat-ble-server/stop-server.html","searchKeys":["stopServer","fun stopServer()","com.example.mobiilisovellusprojekti.ViewModels.ChatBleServer.stopServer"]},{"name":"fun updatePaths(newPaths: PathData)","description":"com.example.mobiilisovellusprojekti.ViewModels.DrawingViewModel.updatePaths","location":"app/com.example.mobiilisovellusprojekti.ViewModels/-drawing-view-model/update-paths.html","searchKeys":["updatePaths","fun updatePaths(newPaths: PathData)","com.example.mobiilisovellusprojekti.ViewModels.DrawingViewModel.updatePaths"]},{"name":"fun valueOf(value: String): NavigationScreens","description":"com.example.mobiilisovellusprojekti.screens.navigation.NavigationScreens.valueOf","location":"app/com.example.mobiilisovellusprojekti.screens.navigation/-navigation-screens/value-of.html","searchKeys":["valueOf","fun valueOf(value: String): NavigationScreens","com.example.mobiilisovellusprojekti.screens.navigation.NavigationScreens.valueOf"]},{"name":"fun values(): Array<NavigationScreens>","description":"com.example.mobiilisovellusprojekti.screens.navigation.NavigationScreens.values","location":"app/com.example.mobiilisovellusprojekti.screens.navigation/-navigation-screens/values.html","searchKeys":["values","fun values(): Array<NavigationScreens>","com.example.mobiilisovellusprojekti.screens.navigation.NavigationScreens.values"]},{"name":"interface WordDao","description":"com.example.mobiilisovellusprojekti.data.WordDao","location":"app/com.example.mobiilisovellusprojekti.data/-word-dao/index.html","searchKeys":["WordDao","interface WordDao","com.example.mobiilisovellusprojekti.data.WordDao"]},{"name":"object Companion","description":"com.example.mobiilisovellusprojekti.ViewModels.BleViewModel.Companion","location":"app/com.example.mobiilisovellusprojekti.ViewModels/-ble-view-model/-companion/index.html","searchKeys":["Companion","object Companion","com.example.mobiilisovellusprojekti.ViewModels.BleViewModel.Companion"]},{"name":"object Companion","description":"com.example.mobiilisovellusprojekti.data.WordDatabase.Companion","location":"app/com.example.mobiilisovellusprojekti.data/-word-database/-companion/index.html","searchKeys":["Companion","object Companion","com.example.mobiilisovellusprojekti.data.WordDatabase.Companion"]},{"name":"open override fun onRequestPermissionsResult(requestCode: Int, permissions: Array<String>, grantResults: IntArray)","description":"com.example.mobiilisovellusprojekti.MainActivity.onRequestPermissionsResult","location":"app/com.example.mobiilisovellusprojekti/-main-activity/on-request-permissions-result.html","searchKeys":["onRequestPermissionsResult","open override fun onRequestPermissionsResult(requestCode: Int, permissions: Array<String>, grantResults: IntArray)","com.example.mobiilisovellusprojekti.MainActivity.onRequestPermissionsResult"]},{"name":"sealed interface DrawingAction","description":"com.example.mobiilisovellusprojekti.ViewModels.DrawingAction","location":"app/com.example.mobiilisovellusprojekti.ViewModels/-drawing-action/index.html","searchKeys":["DrawingAction","sealed interface DrawingAction","com.example.mobiilisovellusprojekti.ViewModels.DrawingAction"]},{"name":"suspend fun connectToDevice(context: Context, device: ServerDevice): Boolean","description":"com.example.mobiilisovellusprojekti.ViewModels.BleViewModel.connectToDevice","location":"app/com.example.mobiilisovellusprojekti.ViewModels/-ble-view-model/connect-to-device.html","searchKeys":["connectToDevice","suspend fun connectToDevice(context: Context, device: ServerDevice): Boolean","com.example.mobiilisovellusprojekti.ViewModels.BleViewModel.connectToDevice"]},{"name":"suspend fun delete(word: Word)","description":"com.example.mobiilisovellusprojekti.data.WordRepository.delete","location":"app/com.example.mobiilisovellusprojekti.data/-word-repository/delete.html","searchKeys":["delete","suspend fun delete(word: Word)","com.example.mobiilisovellusprojekti.data.WordRepository.delete"]},{"name":"suspend fun getRandomWord(): Word?","description":"com.example.mobiilisovellusprojekti.data.WordRepository.getRandomWord","location":"app/com.example.mobiilisovellusprojekti.data/-word-repository/get-random-word.html","searchKeys":["getRandomWord","suspend fun getRandomWord(): Word?","com.example.mobiilisovellusprojekti.data.WordRepository.getRandomWord"]},{"name":"suspend fun insert(word: Word)","description":"com.example.mobiilisovellusprojekti.data.WordRepository.insert","location":"app/com.example.mobiilisovellusprojekti.data/-word-repository/insert.html","searchKeys":["insert","suspend fun insert(word: Word)","com.example.mobiilisovellusprojekti.data.WordRepository.insert"]},{"name":"val AppTypography: Typography","description":"com.example.mobiilisovellusprojekti.ui.theme.AppTypography","location":"app/com.example.mobiilisovellusprojekti.ui.theme/-app-typography.html","searchKeys":["AppTypography","val AppTypography: Typography","com.example.mobiilisovellusprojekti.ui.theme.AppTypography"]},{"name":"val CHARACTERISTIC_UUID: UUID","description":"com.example.mobiilisovellusprojekti.ViewModels.BleViewModel.Companion.CHARACTERISTIC_UUID","location":"app/com.example.mobiilisovellusprojekti.ViewModels/-ble-view-model/-companion/-c-h-a-r-a-c-t-e-r-i-s-t-i-c_-u-u-i-d.html","searchKeys":["CHARACTERISTIC_UUID","val CHARACTERISTIC_UUID: UUID","com.example.mobiilisovellusprojekti.ViewModels.BleViewModel.Companion.CHARACTERISTIC_UUID"]},{"name":"val COORDINATES_UUID: UUID","description":"com.example.mobiilisovellusprojekti.ViewModels.BleViewModel.Companion.COORDINATES_UUID","location":"app/com.example.mobiilisovellusprojekti.ViewModels/-ble-view-model/-companion/-c-o-o-r-d-i-n-a-t-e-s_-u-u-i-d.html","searchKeys":["COORDINATES_UUID","val COORDINATES_UUID: UUID","com.example.mobiilisovellusprojekti.ViewModels.BleViewModel.Companion.COORDINATES_UUID"]},{"name":"val DarkColorPalette: ColorScheme","description":"com.example.mobiilisovellusprojekti.ui.theme.DarkColorPalette","location":"app/com.example.mobiilisovellusprojekti.ui.theme/-dark-color-palette.html","searchKeys":["DarkColorPalette","val DarkColorPalette: ColorScheme","com.example.mobiilisovellusprojekti.ui.theme.DarkColorPalette"]},{"name":"val GAME_UUID: UUID","description":"com.example.mobiilisovellusprojekti.ViewModels.BleViewModel.Companion.GAME_UUID","location":"app/com.example.mobiilisovellusprojekti.ViewModels/-ble-view-model/-companion/-g-a-m-e_-u-u-i-d.html","searchKeys":["GAME_UUID","val GAME_UUID: UUID","com.example.mobiilisovellusprojekti.ViewModels.BleViewModel.Companion.GAME_UUID"]},{"name":"val LightColorPalette: ColorScheme","description":"com.example.mobiilisovellusprojekti.ui.theme.LightColorPalette","location":"app/com.example.mobiilisovellusprojekti.ui.theme/-light-color-palette.html","searchKeys":["LightColorPalette","val LightColorPalette: ColorScheme","com.example.mobiilisovellusprojekti.ui.theme.LightColorPalette"]},{"name":"val SERVICE_UUID: UUID","description":"com.example.mobiilisovellusprojekti.ViewModels.BleViewModel.Companion.SERVICE_UUID","location":"app/com.example.mobiilisovellusprojekti.ViewModels/-ble-view-model/-companion/-s-e-r-v-i-c-e_-u-u-i-d.html","searchKeys":["SERVICE_UUID","val SERVICE_UUID: UUID","com.example.mobiilisovellusprojekti.ViewModels.BleViewModel.Companion.SERVICE_UUID"]},{"name":"val Typography: Typography","description":"com.example.mobiilisovellusprojekti.ui.theme.Typography","location":"app/com.example.mobiilisovellusprojekti.ui.theme/-typography.html","searchKeys":["Typography","val Typography: Typography","com.example.mobiilisovellusprojekti.ui.theme.Typography"]},{"name":"val advertiserConfig: BleAdvertisingConfig","description":"com.example.mobiilisovellusprojekti.ViewModels.ChatBleServer.advertiserConfig","location":"app/com.example.mobiilisovellusprojekti.ViewModels/-chat-ble-server/advertiser-config.html","searchKeys":["advertiserConfig","val advertiserConfig: BleAdvertisingConfig","com.example.mobiilisovellusprojekti.ViewModels.ChatBleServer.advertiserConfig"]},{"name":"val advertisingState: StateFlow<AdvertisingState>","description":"com.example.mobiilisovellusprojekti.ViewModels.BleViewModel.advertisingState","location":"app/com.example.mobiilisovellusprojekti.ViewModels/-ble-view-model/advertising-state.html","searchKeys":["advertisingState","val advertisingState: StateFlow<AdvertisingState>","com.example.mobiilisovellusprojekti.ViewModels.BleViewModel.advertisingState"]},{"name":"val allColors: List<DrawingColor>","description":"com.example.mobiilisovellusprojekti.ViewModels.allColors","location":"app/com.example.mobiilisovellusprojekti.ViewModels/all-colors.html","searchKeys":["allColors","val allColors: List<DrawingColor>","com.example.mobiilisovellusprojekti.ViewModels.allColors"]},{"name":"val allWords: StateFlow<List<Word>>","description":"com.example.mobiilisovellusprojekti.ViewModels.WordViewModel.allWords","location":"app/com.example.mobiilisovellusprojekti.ViewModels/-word-view-model/all-words.html","searchKeys":["allWords","val allWords: StateFlow<List<Word>>","com.example.mobiilisovellusprojekti.ViewModels.WordViewModel.allWords"]},{"name":"val allWordsFlow: Flow<List<Word>>","description":"com.example.mobiilisovellusprojekti.data.WordRepository.allWordsFlow","location":"app/com.example.mobiilisovellusprojekti.data/-word-repository/all-words-flow.html","searchKeys":["allWordsFlow","val allWordsFlow: Flow<List<Word>>","com.example.mobiilisovellusprojekti.data.WordRepository.allWordsFlow"]},{"name":"val chatMessages: StateFlow<List<ChatMessage>>","description":"com.example.mobiilisovellusprojekti.ViewModels.ChatViewModel.chatMessages","location":"app/com.example.mobiilisovellusprojekti.ViewModels/-chat-view-model/chat-messages.html","searchKeys":["chatMessages","val chatMessages: StateFlow<List<ChatMessage>>","com.example.mobiilisovellusprojekti.ViewModels.ChatViewModel.chatMessages"]},{"name":"val color: Color","description":"com.example.mobiilisovellusprojekti.ViewModels.DrawingColor.color","location":"app/com.example.mobiilisovellusprojekti.ViewModels/-drawing-color/color.html","searchKeys":["color","val color: Color","com.example.mobiilisovellusprojekti.ViewModels.DrawingColor.color"]},{"name":"val color: Color","description":"com.example.mobiilisovellusprojekti.ViewModels.PathData.color","location":"app/com.example.mobiilisovellusprojekti.ViewModels/-path-data/color.html","searchKeys":["color","val color: Color","com.example.mobiilisovellusprojekti.ViewModels.PathData.color"]},{"name":"val color: DrawingColor","description":"com.example.mobiilisovellusprojekti.ViewModels.DrawingAction.OnSelectColor.color","location":"app/com.example.mobiilisovellusprojekti.ViewModels/-drawing-action/-on-select-color/color.html","searchKeys":["color","val color: DrawingColor","com.example.mobiilisovellusprojekti.ViewModels.DrawingAction.OnSelectColor.color"]},{"name":"val connectedDevices: List<ServerConnectionEvent.DeviceConnected>","description":"com.example.mobiilisovellusprojekti.ViewModels.ChatBleServer.connectedDevices","location":"app/com.example.mobiilisovellusprojekti.ViewModels/-chat-ble-server/connected-devices.html","searchKeys":["connectedDevices","val connectedDevices: List<ServerConnectionEvent.DeviceConnected>","com.example.mobiilisovellusprojekti.ViewModels.ChatBleServer.connectedDevices"]},{"name":"val connection: ClientBleGatt?","description":"com.example.mobiilisovellusprojekti.ViewModels.BleViewModel.connection","location":"app/com.example.mobiilisovellusprojekti.ViewModels/-ble-view-model/connection.html","searchKeys":["connection","val connection: ClientBleGatt?","com.example.mobiilisovellusprojekti.ViewModels.BleViewModel.connection"]},{"name":"val connectionCharasteristic: ClientBleGattCharacteristic?","description":"com.example.mobiilisovellusprojekti.ViewModels.BleViewModel.connectionCharasteristic","location":"app/com.example.mobiilisovellusprojekti.ViewModels/-ble-view-model/connection-charasteristic.html","searchKeys":["connectionCharasteristic","val connectionCharasteristic: ClientBleGattCharacteristic?","com.example.mobiilisovellusprojekti.ViewModels.BleViewModel.connectionCharasteristic"]},{"name":"val connectionState: MutableLiveData<String>","description":"com.example.mobiilisovellusprojekti.ViewModels.BleViewModel.connectionState","location":"app/com.example.mobiilisovellusprojekti.ViewModels/-ble-view-model/connection-state.html","searchKeys":["connectionState","val connectionState: MutableLiveData<String>","com.example.mobiilisovellusprojekti.ViewModels.BleViewModel.connectionState"]},{"name":"val coordinateCharasteristic: ClientBleGattCharacteristic?","description":"com.example.mobiilisovellusprojekti.ViewModels.BleViewModel.coordinateCharasteristic","location":"app/com.example.mobiilisovellusprojekti.ViewModels/-ble-view-model/coordinate-charasteristic.html","searchKeys":["coordinateCharasteristic","val coordinateCharasteristic: ClientBleGattCharacteristic?","com.example.mobiilisovellusprojekti.ViewModels.BleViewModel.coordinateCharasteristic"]},{"name":"val currentPath: PathData? = null","description":"com.example.mobiilisovellusprojekti.ViewModels.DrawingState.currentPath","location":"app/com.example.mobiilisovellusprojekti.ViewModels/-drawing-state/current-path.html","searchKeys":["currentPath","val currentPath: PathData? = null","com.example.mobiilisovellusprojekti.ViewModels.DrawingState.currentPath"]},{"name":"val currentWord: StateFlow<String>","description":"com.example.mobiilisovellusprojekti.ViewModels.GameViewModel.currentWord","location":"app/com.example.mobiilisovellusprojekti.ViewModels/-game-view-model/current-word.html","searchKeys":["currentWord","val currentWord: StateFlow<String>","com.example.mobiilisovellusprojekti.ViewModels.GameViewModel.currentWord"]},{"name":"val customFontFamily: SystemFontFamily","description":"com.example.mobiilisovellusprojekti.ui.theme.customFontFamily","location":"app/com.example.mobiilisovellusprojekti.ui.theme/custom-font-family.html","searchKeys":["customFontFamily","val customFontFamily: SystemFontFamily","com.example.mobiilisovellusprojekti.ui.theme.customFontFamily"]},{"name":"val defaultWords: List<Word>","description":"com.example.mobiilisovellusprojekti.data.defaultWords","location":"app/com.example.mobiilisovellusprojekti.data/default-words.html","searchKeys":["defaultWords","val defaultWords: List<Word>","com.example.mobiilisovellusprojekti.data.defaultWords"]},{"name":"val difficulty: Int","description":"com.example.mobiilisovellusprojekti.data.Word.difficulty","location":"app/com.example.mobiilisovellusprojekti.data/-word/difficulty.html","searchKeys":["difficulty","val difficulty: Int","com.example.mobiilisovellusprojekti.data.Word.difficulty"]},{"name":"val entries: EnumEntries<NavigationScreens>","description":"com.example.mobiilisovellusprojekti.screens.navigation.NavigationScreens.entries","location":"app/com.example.mobiilisovellusprojekti.screens.navigation/-navigation-screens/entries.html","searchKeys":["entries","val entries: EnumEntries<NavigationScreens>","com.example.mobiilisovellusprojekti.screens.navigation.NavigationScreens.entries"]},{"name":"val gameOver: StateFlow<Boolean>","description":"com.example.mobiilisovellusprojekti.ViewModels.GameViewModel.gameOver","location":"app/com.example.mobiilisovellusprojekti.ViewModels/-game-view-model/game-over.html","searchKeys":["gameOver","val gameOver: StateFlow<Boolean>","com.example.mobiilisovellusprojekti.ViewModels.GameViewModel.gameOver"]},{"name":"val id: Int = 0","description":"com.example.mobiilisovellusprojekti.data.Word.id","location":"app/com.example.mobiilisovellusprojekti.data/-word/id.html","searchKeys":["id","val id: Int = 0","com.example.mobiilisovellusprojekti.data.Word.id"]},{"name":"val id: String","description":"com.example.mobiilisovellusprojekti.ViewModels.PathData.id","location":"app/com.example.mobiilisovellusprojekti.ViewModels/-path-data/id.html","searchKeys":["id","val id: String","com.example.mobiilisovellusprojekti.ViewModels.PathData.id"]},{"name":"val isAdvertising: Boolean","description":"com.example.mobiilisovellusprojekti.ViewModels.AdvertisingState.isAdvertising","location":"app/com.example.mobiilisovellusprojekti.ViewModels/-advertising-state/is-advertising.html","searchKeys":["isAdvertising","val isAdvertising: Boolean","com.example.mobiilisovellusprojekti.ViewModels.AdvertisingState.isAdvertising"]},{"name":"val isAdvertising: MutableLiveData<Boolean>","description":"com.example.mobiilisovellusprojekti.ViewModels.BleViewModel.isAdvertising","location":"app/com.example.mobiilisovellusprojekti.ViewModels/-ble-view-model/is-advertising.html","searchKeys":["isAdvertising","val isAdvertising: MutableLiveData<Boolean>","com.example.mobiilisovellusprojekti.ViewModels.BleViewModel.isAdvertising"]},{"name":"val isEraser: Boolean = false","description":"com.example.mobiilisovellusprojekti.ViewModels.DrawingColor.isEraser","location":"app/com.example.mobiilisovellusprojekti.ViewModels/-drawing-color/is-eraser.html","searchKeys":["isEraser","val isEraser: Boolean = false","com.example.mobiilisovellusprojekti.ViewModels.DrawingColor.isEraser"]},{"name":"val isHost: MutableState<Boolean>","description":"com.example.mobiilisovellusprojekti.ViewModels.BleViewModel.isHost","location":"app/com.example.mobiilisovellusprojekti.ViewModels/-ble-view-model/is-host.html","searchKeys":["isHost","val isHost: MutableState<Boolean>","com.example.mobiilisovellusprojekti.ViewModels.BleViewModel.isHost"]},{"name":"val isScanning: MutableLiveData<Boolean>","description":"com.example.mobiilisovellusprojekti.ViewModels.BleViewModel.isScanning","location":"app/com.example.mobiilisovellusprojekti.ViewModels/-ble-view-model/is-scanning.html","searchKeys":["isScanning","val isScanning: MutableLiveData<Boolean>","com.example.mobiilisovellusprojekti.ViewModels.BleViewModel.isScanning"]},{"name":"val isSentByUser: Boolean","description":"com.example.mobiilisovellusprojekti.ViewModels.ChatMessage.isSentByUser","location":"app/com.example.mobiilisovellusprojekti.ViewModels/-chat-message/is-sent-by-user.html","searchKeys":["isSentByUser","val isSentByUser: Boolean","com.example.mobiilisovellusprojekti.ViewModels.ChatMessage.isSentByUser"]},{"name":"val message: String","description":"com.example.mobiilisovellusprojekti.ViewModels.ChatMessage.message","location":"app/com.example.mobiilisovellusprojekti.ViewModels/-chat-message/message.html","searchKeys":["message","val message: String","com.example.mobiilisovellusprojekti.ViewModels.ChatMessage.message"]},{"name":"val offset: Offset","description":"com.example.mobiilisovellusprojekti.ViewModels.DrawingAction.OnDraw.offset","location":"app/com.example.mobiilisovellusprojekti.ViewModels/-drawing-action/-on-draw/offset.html","searchKeys":["offset","val offset: Offset","com.example.mobiilisovellusprojekti.ViewModels.DrawingAction.OnDraw.offset"]},{"name":"val path: List<Offset>","description":"com.example.mobiilisovellusprojekti.ViewModels.PathData.path","location":"app/com.example.mobiilisovellusprojekti.ViewModels/-path-data/path.html","searchKeys":["path","val path: List<Offset>","com.example.mobiilisovellusprojekti.ViewModels.PathData.path"]},{"name":"val paths: List<PathData>","description":"com.example.mobiilisovellusprojekti.ViewModels.DrawingState.paths","location":"app/com.example.mobiilisovellusprojekti.ViewModels/-drawing-state/paths.html","searchKeys":["paths","val paths: List<PathData>","com.example.mobiilisovellusprojekti.ViewModels.DrawingState.paths"]},{"name":"val randomWord: StateFlow<Word?>","description":"com.example.mobiilisovellusprojekti.ViewModels.WordViewModel.randomWord","location":"app/com.example.mobiilisovellusprojekti.ViewModels/-word-view-model/random-word.html","searchKeys":["randomWord","val randomWord: StateFlow<Word?>","com.example.mobiilisovellusprojekti.ViewModels.WordViewModel.randomWord"]},{"name":"val scanResults: MutableLiveData<List<ServerDevice>>","description":"com.example.mobiilisovellusprojekti.ViewModels.BleViewModel.scanResults","location":"app/com.example.mobiilisovellusprojekti.ViewModels/-ble-view-model/scan-results.html","searchKeys":["scanResults","val scanResults: MutableLiveData<List<ServerDevice>>","com.example.mobiilisovellusprojekti.ViewModels.BleViewModel.scanResults"]},{"name":"val selectedColor: DrawingColor","description":"com.example.mobiilisovellusprojekti.ViewModels.DrawingState.selectedColor","location":"app/com.example.mobiilisovellusprojekti.ViewModels/-drawing-state/selected-color.html","searchKeys":["selectedColor","val selectedColor: DrawingColor","com.example.mobiilisovellusprojekti.ViewModels.DrawingState.selectedColor"]},{"name":"val state: StateFlow<AdvertisingState>","description":"com.example.mobiilisovellusprojekti.ViewModels.ChatBleServer.state","location":"app/com.example.mobiilisovellusprojekti.ViewModels/-chat-ble-server/state.html","searchKeys":["state","val state: StateFlow<AdvertisingState>","com.example.mobiilisovellusprojekti.ViewModels.ChatBleServer.state"]},{"name":"val state: StateFlow<DrawingState>","description":"com.example.mobiilisovellusprojekti.ViewModels.DrawingViewModel.state","location":"app/com.example.mobiilisovellusprojekti.ViewModels/-drawing-view-model/state.html","searchKeys":["state","val state: StateFlow<DrawingState>","com.example.mobiilisovellusprojekti.ViewModels.DrawingViewModel.state"]},{"name":"val title: String","description":"com.example.mobiilisovellusprojekti.screens.navigation.NavigationScreens.title","location":"app/com.example.mobiilisovellusprojekti.screens.navigation/-navigation-screens/title.html","searchKeys":["title","val title: String","com.example.mobiilisovellusprojekti.screens.navigation.NavigationScreens.title"]},{"name":"val word: String","description":"com.example.mobiilisovellusprojekti.data.Word.word","location":"app/com.example.mobiilisovellusprojekti.data/-word/word.html","searchKeys":["word","val word: String","com.example.mobiilisovellusprojekti.data.Word.word"]}]